DELETE FROM order_details;
DELETE FROM orders;
DELETE FROM books_authors;
DELETE FROM books_genres;
DELETE FROM books_users;
DELETE FROM books;
DELETE FROM authors;
DELETE FROM genres;
DELETE FROM users;
DELETE FROM roles;
DELETE FROM cart;


-- Authors
INSERT INTO authors (id, name, surname, about) VALUES
    (1, 'Александр', 'Пушкин', 'Классик русской литературы'),
    (2, 'Лев', 'Толстой', 'Автор "Войны и мира"'),
    (3, 'Фёдор', 'Достоевский', 'Автор "Преступления и наказания"'),
    (4, 'Николай', 'Гоголь', 'Автор "Мёртвых душ"'),
    (5, 'Иван', 'Тургенев', 'Автор "Отцы и дети"'),
    (6, 'Антон', 'Чехов', 'Писатель и драматург'),
    (7, 'Максим', 'Горький', 'Писатель-реалист'),
    (8, 'Михаил', 'Булгаков', 'Автор "Мастера и Маргариты"'),
    (9, 'Владимир', 'Набоков', 'Автор "Лолиты"'),
    (10, 'Борис', 'Пастернак', 'Автор "Доктора Живаго"'),
    (11, 'Александр', 'Солженицын', 'Автор "Архипелага ГУЛАГ"'),
    (12, 'Андрей', 'Платонов', 'Философский прозаик'),
    (13, 'Даниил', 'Хармс', 'Абсурдист и поэт'),
    (14, 'Сергей', 'Довлатов', 'Советский писатель'),
    (15, 'Виктор', 'Пелевин', 'Современный автор-фантаст'),
    (16, 'Михаил', 'Лермонтов', 'Русский поэт, прозаик, драматург'),
    (17, 'Андрей', 'Андреев', 'Русский поэт, прозаик, драматург');

SELECT pg_catalog.setval('authors_seq', 20, true);


-- Genres
INSERT INTO genres (id, name) VALUES
    (1, 'роман'),
    (2, 'драма'),
    (3, 'фэнтези'),
    (4, 'научная фантастика'),
    (5, 'приключения'),
    (6, 'философия'),
    (7, 'сатира'),
    (8, 'мистика'),
    (9, 'повесть'),
    (10, 'рассказы');


-- Books
INSERT INTO books (id, name, image, description, read_count, raiting, published_data, purchased_count, page_count, age_restriction, price) VALUES
    (1, 'Война и мир', 'uploads/cover.png', 'Эпопея о судьбах людей во времена наполеоновских войн', 1200, 5, '1869-01-01', 300, 1225, 12, 150),
    (2, 'Преступление и наказание', 'uploads/cover.png', 'Философский роман о вине и искуплении', 1100, 5, '1866-01-01', 250, 671, 16, 200),
    (3, 'Мёртвые души', 'uploads/cover.png', 'Сатира на русское общество', 950, 5, '1842-01-01', 190, 432, 12, 300),
    (4, 'Отцы и дети', 'uploads/cover.png', 'Конфликт поколений в русском обществе', 850, 4, '1862-01-01', 170, 304, 12, 100),
    (5, 'Мастер и Маргарита', 'uploads/cover.png', 'Мистика, сатира и философия в одном', 1400, 5, '1967-01-01', 350, 480, 16, 350),
    (6, 'Лолита', 'uploads/cover.png', 'Провокационный роман о любви и одержимости', 1300, 5, '1955-01-01', 320, 336, 18, 250),
    (7, 'Доктор Живаго', 'uploads/cover.png', 'Судьба человека на фоне революции', 1000, 4, '1957-01-01', 210, 592, 16, 150),
    (8, 'Архипелаг ГУЛАГ', 'uploads/cover.png', 'Документальный роман об ужасах репрессий', 800, 5, '1973-01-01', 200, 672, 18, 200),
    (9, 'Чевенгур', 'uploads/cover.png', 'Философская проза о социализме', 600, 4, '1929-01-01', 120, 448, 16, 400),
    (10, 'Записки из подполья', 'uploads/cover.png', 'Философская исповедь одиночки', 500, 4, '1864-01-01', 140, 128, 16, 250),
    (11, 'Герой нашего времени', 'uploads/cover.png', 'Психологический портрет героя', 700, 5, '1840-01-01', 160, 240, 12, 100),
    (12, 'Река Потудань', 'uploads/cover.png', 'Трогательная философская повесть', 300, 4, '1937-01-01', 90, 98, 12, 300),
    (13, 'Записки юного врача', 'uploads/cover.png', 'Рассказ врача о первых годах практики', 550, 4, '1926-01-01', 110, 208, 12, 250),
    (14, 'Хулио Хуренио', 'uploads/cover.png', 'Философская сатира Пелевина', 450, 4, '2002-01-01', 70, 180, 18, 500),
    (15, 'Generation "П"', 'uploads/cover.png', 'Роман об эпохе рекламы и постсоветской реальности', 1200, 5, '1999-01-01', 280, 352, 18, 150),
    (16, 'Золотой телёнок', 'uploads/cover.png', 'Сатирический роман об авантюристах', 900, 5, '1931-01-01', 200, 448, 12, 200),
    (17, 'Записные книжки', 'uploads/cover.png', 'Фрагменты и мысли писателя', 400, 4, '1930-01-01', 80, 220, 12, 300),
    (18, 'Палата №6', 'uploads/cover.png', 'Критика безумия и безразличия общества', 600, 4, '1892-01-01', 100, 144, 16, 350),
    (19, 'Двенадцать стульев', 'uploads/cover.png', 'Приключения Остапа Бендера', 1000, 5, '1928-01-01', 250, 384, 12, 250),
    (20, 'Обломов', 'uploads/cover.png', 'Роман о лени и бездействии', 700, 4, '1859-01-01', 180, 480, 12, 200),
    (21, 'Мы', 'uploads/cover.png', 'Дистопия, предвосхитившая "1984"', 850, 5, '1924-01-01', 210, 240, 1, 300),
    (22, 'Письма к Сталину', 'uploads/cover.png', 'Открытые письма о цензуре и репрессиях', 350, 4, '1975-01-01', 80, 120, 16, 400),
    (23, 'Котлован', 'uploads/cover.png', 'Аллегория коллективизации', 400, 4, '1930-01-01', 90, 176, 16, 250),
    (24, 'Сказки', 'uploads/cover.png', 'Сборник сказок Пушкина', 900, 5, '1830-01-01', 300, 200, 0, 100),
    (25, 'История одного города', 'uploads/cover.png', 'Сатирический роман Щедрина', 500, 4, '1869-01-01', 110, 176, 12, 600),
    (26, 'Маленькие трагедии', 'uploads/cover.png', 'Цикл пьес Пушкина', 600, 4, '1830-01-01', 100, 160, 12, 450),
    (27, 'Бесы', 'uploads/cover.png', 'Политико-философский роман', 750, 5, '1872-01-01', 190, 768, 16, 500),
    (28, 'Идиот', 'uploads/cover.png', 'Образ "положительно прекрасного человека"', 800, 5, '1869-01-01', 200, 640, 16, 200),
    (29, 'Жизнь насекомых', 'uploads/cover.png', 'Аллегория человеческой жизни', 600, 4, '1993-01-01', 150, 288, 16, 250),
    (30, 'Недоросль', 'uploads/cover.png', 'Классическая комедия о воспитании', 500, 4, '1782-01-01', 100, 120, 12, 700);

-- Примеры связей книг и авторов (несколько авторов у некоторых книг)
INSERT INTO books_authors (author_id, book_id) VALUES
    (2, 1),
    (3, 2),
    (4, 3),
    (5, 4),
    (8, 5),
    (9, 6),
    (10, 7),
    (11, 8),
    (12, 9),
    (3, 10),
    (16,11),
    (17,12),
    (6, 13),
    (15, 14),
    (15, 15),
    (4, 16),
    (13, 17),
    (6, 18),
    (4, 19),
    (5, 20),
    (11, 21),
    (11, 22),
    (12, 23),
    (1, 24),
    (7, 25),
    (1, 26),
    (3, 27),
    (3, 28),
    (15, 29),
    (6, 30);
-- Несколько авторов
--(13, 14),
--(2, 20);

-- Примеры жанров для каждой книги (минимум 2)
INSERT INTO books_genres (genre_id, book_id) VALUES
     (1, 1), (2, 1),
     (1, 2), (6, 2),
     (1, 3), (7, 3),
     (1, 4), (2, 4),
     (8, 5), (1, 5),
     (1, 6), (6, 6),
     (1, 7), (2, 7),
     (1, 8), (6, 8),
     (6, 9), (1, 9),
     (1, 10), (6, 10),
     (1, 11), (2, 11),
     (9, 12), (6, 12),
     (10, 13), (2, 13),
     (7, 14), (6, 14),
     (1, 15), (7, 15),
     (1, 16), (7, 16),
     (6, 17), (10, 17),
     (2, 18), (9, 18),
     (5, 19), (7, 19),
     (1, 20), (6, 20),
     (4, 21), (1, 21),
     (6, 22), (9, 22),
     (6, 23), (7, 23),
     (3, 24), (10, 24),
     (7, 25), (1, 25),
     (2, 26), (10, 26),
     (1, 27), (6, 27),
     (1, 28), (6, 28),
     (3, 29), (6, 29),
     (2, 30), (10, 30);



INSERT INTO roles (id, name) VALUES
    (2, 'ADMIN'),
    (1, 'USER');


INSERT INTO users(id, age, role_id, name, email, password, phone, image) VALUES
    (1, 22, 2, 'Admin', 'admin@gmail.com', '$2a$10$8RnxXKFG6Qot.YcO/Y9EOuEMO93gG8/8w7YcHt2GqF77CHVbhWBUm', '+79163053344', ''),
    (101, 21, 1, 'User1', 'chel1@gmail.com', '$2a$10$8RnxXKFG6Qot.YcO/Y9EOuEMO93gG8/8w7YcHt2GqF77CHVbhWBUm', '+79163063741', 'uploads/avatar_1.png'),
    (102, 42, 1, 'User2', 'chel2@gmail.com', '$2a$10$8RnxXKFG6Qot.YcO/Y9EOuEMO93gG8/8w7YcHt2GqF77CHVbhWBUm', '+79251278939', 'uploads/avatar_2.png');


INSERT INTO books_users(user_id, book_id) VALUES
    (101, 4),
    (101, 5),
    (101, 6),
    (101, 7),
    (101, 20),
    (101, 21),
    (101, 22),
    (101, 13),
    (101, 15),
    (101, 1),
    (101, 3),
    (101, 18),
    (101, 2),
    (101, 19),
    (101, 24),
    (102, 11),
    (102, 25),
    (102, 26);




INSERT INTO orders(id, cost, date, payment_date, user_id, status) VALUES
    (1, 850, '2024-02-01', '2024-03-05', 101, 'Оплачен'),
    (2, 500, '2024-04-01', '2024-04-10', 101, 'Оплачен'),
    (3, 800, '2024-05-01', '2024-05-02', 101, 'Оплачен'),
    (4, 450, '2024-06-06', '2024-06-15', 101, 'Оплачен'),
    (5, 300, '2024-07-23', '2024-07-25', 102, 'Оплачен'),
    (6, 1150, '2024-10-07', '2024-10-20', 101, 'Оплачен'),
    (7, 700, '2024-12-03', '2024-12-23', 102, 'Оплачен'),
    (8, 800, '2025-03-01', '2025-03-02', 101, 'Оплачен'),
    (9, 250, '2025-05-01', '2025-05-03', 102, 'Оплачен'),
    (10, 650, '2025-05-05', '2025-05-07', 102, 'Оплачен'),
    (11, 750, '2025-05-10', NULL, 102, 'Не оплачен'),
    (12, 350, '2025-05-20', NULL, 102, 'Не оплачен');

INSERT INTO order_details (order_id, book_id, price) VALUES
    (8, 22, 250),
    (8, 20, 250),
    (8, 21, 250),

    (9, 21, 250),

    (1, 4, 100),
    (1, 5, 350),
    (1, 6, 250),
    (1, 7, 150),

    (2, 11, 100),
    (2, 13, 250),
    (2, 15, 150),

    (3, 1, 150),
    (3, 3, 300),
    (3, 18, 350),

    (4, 2, 200),
    (4, 19, 250),

    (5, 2, 200),
    (5, 4, 100),

    (6, 24, 100),
    (6, 25, 600),
    (6, 26, 450),

    (7, 14, 500),
    (7, 16, 200),

    (10, 10, 250),
    (10, 11, 100),
    (10, 12, 300),

    (11, 7, 150),
    (11, 8, 200),
    (11, 9, 400),

    (12, 23, 250),
    (12, 24, 100);


INSERT INTO cart(user_id, book_id) VALUES
    (101, 28),
    (101, 29),
    (101, 30),
    (102, 18),
    (102, 19),
    (102, 7);














